id                            ,group
yes                           ,words
I                             ,words
come                          ,words
capitol                       ,words
life                          ,words
position                      ,words
street                        ,words
away                          ,words
happen                        ,words
right                         ,words
national                      ,words
guard                         ,words
clearing                      ,words
area                          ,words
dc                            ,words
police                        ,words
step                          ,words
room                          ,words
resecure                      ,words
mean                          ,words
citadel                       ,words
manage                        ,words
break                         ,words
chamber                       ,words
extraordinary                 ,words
day                           ,words
suggest                       ,words
unleash                       ,words
chaos                         ,words
today                         ,words
unconstitutional              ,words
extreme                       ,words
glory                         ,words
american                      ,words
system                        ,words
constitution                  ,words
peaceful                      ,words
transfer                      ,words
power                         ,words
world                         ,words
legacy                        ,words
george                        ,words
washington                    ,words
leader                        ,words
like                          ,words
fight                         ,words
depose                        ,words
congress                      ,words
suppose                       ,words
certificate                   ,words
formal                        ,words
acceptance                    ,words
election                      ,words
result                        ,words
mike                          ,words
penny                         ,words
vice                          ,words
president                     ,words
senate                        ,words
open                          ,words
envelope                      ,words
different                     ,words
vote                          ,words
state                         ,words
end                           ,words
affirm                        ,words
joe                           ,words
biden                         ,words
20th                          ,words
january                       ,words
start                         ,words
1100                          ,words
morning                       ,words
outside                       ,words
white                         ,words
house                         ,words
rally                         ,words
supporter                     ,words
fly                           ,words
united                        ,words
ready                         ,words
act                           ,words
direction                     ,words
tell                          ,words
steal                         ,words
march                         ,words
man                           ,words
woman                         ,words
constitutional                ,words
duty                          ,words
mark                          ,words
hand                          ,words
place                         ,words
20                            ,words
100                           ,words
afternoon                     ,words
large                         ,words
crowd                         ,words
arrive                        ,words
capital                       ,words
ii                            ,words
people                        ,words
trouble                       ,words
45                            ,words
glove                         ,words
helmet                        ,words
boot                          ,words
lot                           ,words
paramilitary                  ,words
brigade                       ,words
gun                           ,words
storm                         ,words
door                          ,words
stench                        ,words
tear                          ,words
gas                           ,words
way                           ,words
deploy                        ,words
sort                          ,words
bear                          ,words
mace                          ,words
inside                        ,words
add                           ,words
shoot                         ,words
sure                          ,words
young                         ,words
injure                        ,words
report                        ,words
network                       ,words
confirm                       ,words
teach                         ,words
blood                         ,words
trail                         ,words
prepare                       ,words
exactly                       ,words
kick                          ,words
hear                          ,words
little                        ,words
trump                         ,words
remain                        ,words
let                           ,words
remind                        ,words
viewer                        ,words
13                            ,words
14                            ,words
minute                        ,words
statement                     ,words
short                         ,words
clip                          ,words
know                          ,words
pain                          ,words
hurt                          ,words
landslide                     ,words
especially                    ,words
home                          ,words
peace                         ,words
law                           ,words
order                         ,words
respect                       ,words
great                         ,words
want                          ,words
anybody                       ,words
tough                         ,words
period                        ,words
time                          ,words
thing                         ,words
country                       ,words
weave                         ,words
message                       ,words
notice                        ,words
maintain                      ,words
deny                          ,words
rightful                      ,words
legal                         ,words
choice                        ,words
whip                          ,words
believe                       ,words
overturn                      ,words
person                        ,words
set                           ,words
aside                         ,words
pat                           ,words
donald                        ,words
winner                        ,words
clear                         ,words
matter                        ,words
personal                      ,words
loyalty                       ,words
mr                            ,words
pinch                         ,words
continue                      ,words
grind                         ,words
inevitable                    ,words
extremely                     ,words
angry                         ,words
speak                         ,words
righteous                     ,words
stand                         ,words
tyranny                       ,words
revolution                    ,words
illegitimate                  ,words
legitimate                    ,words
force                         ,words
moment                        ,words
easy                          ,words
think                         ,words
mob                           ,words
attempt                       ,words
unseat                        ,words
democracy                     ,words
handful                       ,words
republicans                   ,words
try                           ,words
significant                   ,words
number                        ,words
remember                      ,words
big                           ,words
mix                           ,words
align                         ,words
conservative                  ,words
republican                    ,words
party                         ,words
venerate                      ,words
near                          ,words
perfection                    ,words
human                         ,words
government                    ,words
reach                         ,words
trash                         ,words
allow                         ,words
painful                       ,words
reince                        ,words
priebus                       ,words
chief                         ,words
staff                         ,words
domestic                      ,words
terrorist                     ,words
mitch                         ,words
mcconnell                     ,words
describe                      ,words
poisonous                     ,words
path                          ,words
previously                    ,words
supportive                    ,words
lead                          ,words
effort                        ,words
prevent                       ,words
impeach                       ,words
uncomfortable                 ,words
tonight                       ,words
session                       ,words
deadline                      ,words
6th                           ,words
defy                          ,words
sit                           ,words
night                         ,words
david                         ,words
thank                         ,words
probably                      ,words
scene                         ,words
pretty                        ,words
volatile                      ,words
guess                         ,words
impact                        ,words
presidency                    ,words
democrats                     ,words
hope                          ,words
achieve                       ,words
feel                          ,words
join                          ,words
alice                         ,words
communication                 ,words
director                      ,words
te                            ,words
cruz                          ,words
shortly                       ,words
democratic                    ,words
congressman                   ,words
turn                          ,words
response                      ,words
disgust                       ,words
frankly                       ,words
america                       ,words
exercise                      ,words
november                      ,words
3rd                           ,words
represent                     ,words
view                          ,words
value                         ,words
policy                        ,words
look                          ,words
ed                            ,words
recognize                     ,words
fact                          ,words
win                           ,words
elect                         ,words
happy                         ,words
thrill                        ,words
progress                      ,words
stage                         ,words
unfold                        ,words
presidentelect                ,words
unfortunate                   ,words
reason                        ,words
refuse                        ,words
acknowledge                   ,words
truth                         ,words
lose                          ,words
fraudulent                    ,words
widespread                    ,words
voter                         ,words
fraud                         ,words
figment                       ,words
imagination                   ,words
regard                        ,words
ballot                        ,words
invite                        ,words
nation                        ,words
river                         ,words
valid                         ,words
encourage                     ,words
violence                      ,words
generally                     ,words
play                          ,words
help                          ,words
figure                        ,words
decide                        ,words
fiery                         ,words
trumpism                      ,words
double                        ,words
cling                         ,words
dear                          ,words
clearly                       ,words
trip                          ,words
support                       ,words
cog                           ,words
wheel                         ,words
process                       ,words
firmly                        ,words
certainly                     ,words
forward                       ,words
learn                         ,words
mistake                       ,words
differently                   ,words
important                     ,words
ask                           ,words
closely                       ,words
run                           ,words
long                          ,words
ago                           ,words
action                        ,words
challenge                     ,words
word                          ,words
ear                           ,words
behavior                      ,words
share                         ,words
reporter                      ,words
phenomenal                    ,words
job                           ,words
explain                       ,words
normally                      ,words
member                        ,words
count                         ,words
electoral                     ,words
pass                          ,words
torch                         ,words
incoming                      ,words
administration                ,words
constituent                   ,words
honest                        ,words
interrupt                     ,words
surely                        ,words
past                          ,words
mmm                           ,words
deliver                       ,words
wish                          ,words
smart                         ,words
rare                          ,words
instance                      ,words
irregularity                  ,words
level                         ,words
spread                        ,words
allege                        ,words
mind                          ,words
faith                         ,words
confidence                    ,words
integrity                     ,words
congresss                     ,words
role                          ,words
contention                    ,words
alfonso                       ,words
lopez                         ,words
obama                         ,words
girl                          ,words
peach                         ,words
georgia                       ,words
upset                         ,words
actually                      ,words
dominate                      ,words
race                          ,words
change                        ,words
control                       ,words
basically                     ,words
difference                    ,words
govern                        ,words
minority                      ,words
majority                      ,words
offer                         ,words
vague                         ,words
olive                         ,words
branch                        ,words
huge                          ,words
civic                         ,words
101                           ,words
representative                ,words
rat                           ,words
democrat                      ,words
base                          ,words
broker                        ,words
fairy                         ,words
farleft                       ,words
firewall                      ,words
good                          ,words
divide                        ,words
congratulation                ,words
victor                        ,words
business                      ,words
speech                        ,words
strike                        ,words
note                          ,words
admittedly                    ,words
defeat                        ,words
envisage                      ,words
kind                          ,words
politic                       ,words
second                        ,words
split                         ,words
heal                          ,words
die                           ,words
rebreathe                     ,words
remake                        ,words
autopsy                       ,words
current                       ,words
vow                           ,words
primary                       ,words
voice                         ,words
heart                         ,words
soul                          ,words
limit                         ,words
fiscal                        ,words
responsibility                ,words
undo                          ,words
phone                         ,words
chair                         ,words
adviser                       ,words
read                          ,words
teller                        ,words
ascertain                     ,words
undersign                     ,words
roy                           ,words
blunt                         ,words
amy                           ,words
klobuchar                     ,words
tyler                         ,words
zoloft                        ,words
grin                          ,words
rodney                        ,words
davis                         ,words
follow                        ,words
ascertainment                 ,words
determine                     ,words
begin                         ,words
2021                          ,words
kamala                        ,words
harris                        ,words
vicepresident                 ,words
accord                        ,words
elector                       ,words
appoint                       ,words
538                           ,words
270                           ,words
joseph                        ,words
r                             ,words
junior                        ,words
delaware                      ,words
receive                       ,words
j                             ,words
florida                       ,words
thirty                        ,words
d                             ,words
california                    ,words
michael                       ,words
indiana                       ,words
announcement                  ,words
shall                         ,words
deem                          ,words
sufficient                    ,words
declaration                   ,words
term                          ,words
enter                         ,words
list                          ,words
journal                       ,words
announce                      ,words
attend                        ,words
inauguration                  ,words
successor                     ,words
hour                          ,words
promise                       ,words
transition                    ,words
miss                          ,words
ceremony                      ,words
150                           ,words
year                          ,words
decision                      ,words
agree                         ,words
embarrassment                 ,words
north                         ,words
editor                        ,words
john                          ,words
pool                          ,words
horse                         ,words
stable                        ,words
contractor                    ,words
bring                         ,words
proper                        ,words
security                      ,words
hill                          ,words
complex                       ,words
alarmingly                    ,words
breach                        ,words
wednesday                     ,words
repercussion                  ,words
chasten                       ,words
tense                         ,words
write                         ,words
address                       ,words
heinous                       ,words
attack                        ,words
tone                          ,words
substance                     ,words
startle                       ,words
whiplash                      ,words
school                        ,words
essay                         ,words
compare                       ,words
contrast                      ,words
walk                          ,words
intense                       ,words
selection                     ,words
emotion                       ,words
high                          ,words
temper                        ,words
cool                          ,words
calm                          ,words
restore                       ,words
weakness                      ,words
strength                      ,words
strong                        ,words
americans                     ,words
outraged                      ,words
lawlessness                   ,words
mayhem                        ,words
demonstrator                  ,words
infiltrate                    ,words
defile                        ,words
seat                          ,words
love                          ,words
engage                        ,words
destruction                   ,words
new                           ,words
inaugurate                    ,words
focus                         ,words
ensure                        ,words
smooth                        ,words
orderly                       ,words
seamless                      ,words
healing                       ,words
reconciliation                ,words
reactivate                    ,words
presidential                  ,words
twitter                       ,words
account                       ,words
unsurprising                  ,words
doth                          ,words
shed                          ,words
leave                         ,words
office                        ,words
indicate                      ,words
resignation                   ,words
threat                        ,words
removal                       ,words
astonish                      ,words
v                             ,words
fast                          ,words
option                        ,words
policeman                     ,words
brand                         ,words
sick                          ,words
nick                          ,words
injury                        ,words
hold                          ,words
writer                        ,words
flag                          ,words
halfmast                      ,words
honor                         ,words
half                          ,words
12                            ,words
plan                          ,words
draw                          ,words
article                       ,words
impeachment                   ,words
apparently                    ,words
raid                          ,words
accuse                        ,words
intention                     ,words
cause                         ,words
insurrection                  ,words
nancy                         ,words
pelosi                        ,words
speaker                       ,words
touch                         ,words
commander                     ,words
military                      ,words
strip                         ,words
nuclear                       ,words
code                          ,words
reliable                      ,words
far                           ,words
division                      ,words
ought                         ,words
auto                          ,words
cute                          ,words
rip                           ,words
uncertainty                   ,words
week                          ,words
turbulence                    ,words
history                       ,words
yesterday                     ,words
thousand                      ,words
covid                         ,words
single                        ,words
total                         ,words
jobless                       ,words
assault                       ,words
inheritance                   ,words
erect                         ,words
easily                        ,words
god                           ,words
rifle                         ,words
size                          ,words
intent                        ,words
possess                       ,words
fill                          ,words
survive                       ,words
infamous                      ,words
line                          ,words
sob                           ,words
cry                           ,words
care                          ,words
jr6                           ,words
completely                    ,words
complete                      ,words
lie                           ,words
racist                        ,words
situation                     ,words
quick                         ,words
absolutely                    ,words
irresponsible                 ,words
dangerous                     ,words
grow                          ,words
violent                       ,words
exist                         ,words
protect                       ,words
simple                        ,words
event                         ,words
tumultuous                    ,words
build                         ,words
vent                          ,words
anger                         ,words
victory                       ,words
evacuation                    ,words
lockdown                      ,words
lawmaker                      ,words
approve                       ,words
clash                         ,words
accept                        ,words
live                          ,words
sopa                          ,words
cornerstone                   ,words
highly                        ,words
abstract                      ,words
concept                       ,words
succeed                       ,words
certify                       ,words
early                         ,words
loyal                         ,words
bitterly                      ,words
contest                       ,words
cheer                         ,words
brave                         ,words
senator                       ,words
need                          ,words
encouragement                 ,words
defend                        ,words
yeah                          ,words
sorry                         ,words
mexican                       ,words
immigrant                     ,words
freedom                       ,words
pay                           ,words
masquerade                    ,words
safety                        ,words
outer                         ,words
ring                          ,words
tent                          ,words
deal                          ,words
picture                       ,words
appear                        ,words
protester                     ,words
stretcher                     ,words
send                          ,words
later                         ,words
cpr                           ,words
remove                        ,words
secret                        ,words
service                       ,words
detail                        ,words
joint                         ,words
adjourn                       ,words
wither                        ,words
assessment                    ,words
mirror                        ,words
allegation                    ,words
death                         ,words
spiral                        ,words
scramble                      ,words
cost                          ,words
officiate                     ,words
slavish                       ,words
verdict                       ,words
oath                          ,words
constrain                     ,words
claim                         ,words
unilateral                    ,words
authority                     ,words
belong                        ,words
television                    ,words
vision                        ,words
warn                          ,words
unprecedented                 ,words
appeal                        ,words
fulfill                       ,words
demand                        ,words
siege                         ,words
smash                         ,words
window                        ,words
occupy                        ,words
floor                         ,words
rummage                       ,words
desk                          ,words
threaten                      ,words
duly                          ,words
official                      ,words
protest                       ,words
condemnation                  ,words
scale                         ,words
rampart                       ,words
charge                        ,words
overthrow                     ,words
shine                         ,words
city                          ,words
johns                         ,words
talk                          ,words
image                         ,words
plenty                        ,words
urge                          ,words
ratify                        ,words
despite                       ,words
wrong                         ,words
colleague                     ,words
pilar                         ,words
real                          ,words
significance                  ,words
witness                       ,words
stun                          ,words
shock                         ,words
amazed                        ,words
question                      ,words
answer                        ,words
palpable                      ,words
sense                         ,words
disbelief                     ,words
lecture                       ,words
rest                          ,words
society                       ,words
beacon                        ,words
tattere                       ,words
politician                    ,words
contribute                    ,words
special                       ,words
lawandorder                   ,words
obey                          ,words
litigate                      ,words
court                         ,words
62                            ,words
find                          ,words
evidence                      ,words
point                         ,words
signal                        ,words
central                       ,words
contradiction                 ,words
stay                          ,words
totally                       ,words
chinese                       ,words
puppet                        ,words
communist                     ,words
massive                       ,words
feed                          ,words
diet                          ,words
maybe                         ,words
bit                           ,words
late                          ,words
trial                         ,words
combat                        ,words
land                          ,words
free                          ,words
confront                      ,words
egregious                     ,words
ill                           ,words
tulip                         ,words
poplar                        ,words
lord√≠                         ,words
ada                           ,words
lee                           ,words
harvey                        ,words
oswald                        ,words
liberal                       ,words
nurse                         ,words
romania                       ,words
launch                        ,words
career                        ,words
cruise                        ,words
aloha                         ,words
meet                          ,words
salah                         ,words
express                       ,words
friendship                    ,words
face                          ,words
definitely                    ,words
tumultuously                  ,words
twice                         ,words
formally                      ,words
incite                        ,words
deadly                        ,words
upper                         ,words
halfhour                      ,words
soap                          ,words
development                   ,words
sophie                        ,words
riot                          ,words
estate                        ,words
developer                     ,words
tall                          ,words
building                      ,words
tower                         ,words
fifth                         ,words
avenue                        ,words
hotel                         ,words
golf                          ,words
course                        ,words
scotland                      ,words
forever                       ,words
link                          ,words
eye                           ,words
carve                         ,words
unwelcome                     ,words
niche                         ,words
objection                     ,words
motion                        ,words
reconsider                    ,words
lay                           ,words
dawn                          ,words
unrecognizable                ,words
landscape                     ,words
frontline                     ,words
garrison                      ,words
town                          ,words
elegant                       ,words
marble                        ,words
corridor                      ,words
barrack                       ,words
civil                         ,words
war                           ,words
abraham                       ,words
lincoln                       ,words
serviceman                    ,words
crime                         ,words
descend                       ,words
almighty                      ,words
wield                         ,words
penetrate                     ,words
confusion                     ,words
discontent                    ,words
ukrainian                     ,words
sacred                        ,words
convict                       ,words
remedy                        ,words
republic                      ,words
safe                          ,words
resolutely                    ,words
organize                      ,words
block                         ,words
backing                       ,words
choose                        ,words
grandchild                    ,words
flaw                          ,words
differ                        ,words
tim                           ,words
annual                        ,words
actual                        ,words
madam                         ,words
unbridle                      ,words
foray                         ,words
somewhat                      ,words
ominously                     ,words
ahead                         ,words
issue                         ,words
light                         ,words
demonstration                 ,words
lawbreaking                   ,words
vandalism                     ,words
ease                          ,words
tension                       ,words
airbnb                        ,words
cancel                        ,words
booking                       ,words
mul                           ,words
troop                         ,words
iraq                          ,words
afghanistan                   ,words
combine                       ,words
delay                         ,words
raise                         ,words
debar                         ,words
staple                        ,words
officer                       ,words
hospital                      ,words
senseless                     ,words
spokesman                     ,words
attacker                      ,words
ram                           ,words
vehicle                       ,words
barricade                     ,words
emerge                        ,words
brandish                      ,words
knife                         ,words
dead                          ,words
senior                        ,words
terrorrelate                  ,words
investigation                 ,words
sokol                         ,words
rita                          ,words
kill                          ,words
billy                         ,words
evan                          ,words
serve                         ,words
18                            ,words
wife                          ,words
heartbroken                   ,words
news                          ,words
suspect                       ,words
drive                         ,words
car                           ,words
noah                          ,words
green                         ,words
25                            ,words
old                           ,words
africanamerican               ,words
motive                        ,words
investigate                   ,words
lunchtime                     ,words
cold                          ,words
easter                        ,words
emergency                     ,words
blue                          ,words
immediately                   ,words
terrify                       ,words
work                          ,words
congressional                 ,words
hastily                       ,words
conference                    ,words
confirmation                  ,words
heavy                         ,words
succumb                       ,words
assailant                     ,words
radar                         ,words
screen                        ,words
ongoing                       ,words
department                    ,words
terrorismrelate               ,words
obviously                     ,words
type                          ,words
nexus                         ,words
driver                        ,words
able                          ,words
close                         ,words
unrelated                     ,words
terrible                      ,words
deja                          ,words
vu                            ,words
vulnerability                 ,words
august                        ,words
impose                        ,words
halfstaff                     ,words
difficult                     ,words
barrier                       ,words
rebuild                       ,words
razor                         ,words
wire                          ,words
surround                      ,words
function                      ,words
damage                        ,words
pull                          ,words
sting                         ,words
blame                         ,words
dark                          ,words
culmination                   ,words
justice                       ,words
press                         ,words
distance                      ,words
condemn                       ,words
rioter                        ,words
impunity                      ,words
discover                      ,words
cross                         ,words
furious                       ,words
backlash                      ,words
attach                        ,words
cabinet                       ,words
attorney                      ,words
general                       ,words
betray                        ,words
clean                         ,words
repaint                       ,words
paper                         ,words
file                          ,words
spruce                        ,words
stain                         ,words
painfully                     ,words
highlight                     ,words
inadequacy                    ,words
endlessly                     ,words
retreat                       ,words
staircase                     ,words
plain                         ,words
clothe                        ,words
resort                        ,words
weapon                        ,words
tinpot                        ,words
regime                        ,words
ashley                        ,words
babbitt                       ,words
veteran                       ,words
resume                        ,words
wreak                         ,words
havoc                         ,words
responsible                   ,words
contempt                      ,words
rule                          ,words
unrelenting                   ,words
x                             ,words
catch                         ,words
overwhelmingly                ,words
treat                         ,words
kid                           ,words
summer                        ,words
black                         ,words
floyd                         ,words
coup                          ,words
rumor                         ,words
swirl                         ,words
fellow                        ,words
invoke                        ,words
25th                          ,words
forcibly                      ,words
finally                       ,words
aide                          ,words
middle                        ,words
disagree                      ,words
outcome                       ,words
tweet                         ,words
suspend                       ,words
facebook                      ,words
indefinitely                  ,words
hugely                        ,words
pressure                      ,words
amendment                     ,words
carnage                       ,words
bbc                           ,words
apparent                      ,words
correspondent                 ,words
limb                          ,words
ball                          ,words
remorse                       ,words
guilt                         ,words
regret                        ,words
travel                        ,words
sightseeing                   ,words
privileged                    ,words
found                         ,words
civility                      ,words
revolutionary                 ,words
activity                      ,words
realize                       ,words
overwhelm                     ,words
wait                          ,words
seriously                     ,words
panic                         ,words
heartful                      ,words
scary                         ,words
bill                          ,words
wake                          ,words
numb                          ,words
involve                       ,words
energize                      ,words
ally                          ,words
mcbeal                        ,words
spot                          ,words
broadcast                     ,words
air                           ,words
medium                        ,words
tunnel                        ,words
adjoin                        ,words
main                          ,words
eventually                    ,words
cafeteria                     ,words
lock                          ,words
watch                         ,words
tv                            ,words
friend                        ,words
worried                       ,words
danger                        ,words
stock                         ,words
michelle                      ,words
powerful                      ,words
treatment                     ,words
prime                         ,words
minister                      ,words
burrough                      ,words
johnson                       ,words
cast                          ,words
doubt                         ,words
widely                        ,words
criticize                     ,words
diplomatic                    ,words
james                         ,words
landel                        ,words
traditionally                 ,words
bastion                       ,words
provoke                       ,words
cut                           ,words
loose                         ,words
insofar                       ,words
consistently                  ,words
fair                          ,words
unreservedly                  ,words
behave                        ,words
disgraceful                   ,words
germany                       ,words
foreign                       ,words
burn                          ,words
reichstag                     ,words
1933                          ,words
nazi                          ,words
use                           ,words
excuse                        ,words
seize                         ,words
chancellor                    ,words
pointedly                     ,words
ethel                         ,words
vial                          ,words
skunk                         ,words
stoke                         ,words
create                        ,words
atmosphere                    ,words
possible                      ,words
hong                          ,words
kong                          ,words
parliament                    ,words
17                            ,words
10                            ,words
enjoy                         ,words
stability                     ,words
soon                          ,words
irans                         ,words
fertile                       ,words
ground                        ,words
populism                      ,words
sharp                         ,words
evening                       ,words
fragile                       ,words
vulnerable                    ,words
western                       ,words
foundation                    ,words
million                       ,words
2016                          ,words
applaud                       ,words
unrepentant                   ,words
language                      ,words
hate                          ,words
reasonable                    ,words
manner                        ,words
social                        ,words
ecosystem                     ,words
deceit                        ,words
rig                           ,words
machine                       ,words
ian                           ,words
heckle                        ,words
head                          ,words
cyber                         ,words
judge                         ,words
conspiracy                    ,words
rob                           ,words
wool                          ,words
task                          ,words
sunset                        ,words
quietly                       ,words
dream                         ,words
preference                    ,words
pro                           ,words
arm                           ,words
ransack                       ,words
outgoing                      ,words
unproven                      ,words
medical                       ,words
pipe                          ,words
bomb                          ,words
arrest                        ,words
kelly                         ,words
leffler                       ,words
rescind                       ,words
certification                 ,words
chairing                      ,words
proceeding                    ,words
border                        ,words
sedition                      ,words
video                         ,words
sarah                         ,words
campbell                      ,words
stop                          ,words
gunshot                       ,words
wound                         ,words
beam                          ,words
regain                        ,words
small                         ,words
extremist                     ,words
dedicate                      ,words
scent                         ,words
disorder                      ,words
tick                          ,words
reaction                      ,words
reconvene                     ,words
quell                         ,words
secure                        ,words
optimal                       ,words
unknown                       ,words
temporarily                   ,words
ban                           ,words
respondent                    ,words
buddhist                      ,words
echo                          ,words
leba                          ,words
interpret                     ,words
presence                      ,words
confrontation                 ,words
essentially                   ,words
knock                         ,words
self                          ,words
beef                          ,words
leg                           ,words
crawl                         ,words
pelosis                       ,words
foot                          ,words
table                         ,words
climb                         ,words
jump                          ,words
platform                      ,words
disrespect                    ,words
institution                   ,words
peter                         ,words
follower                      ,words
notably                       ,words
typically                     ,words
bullish                       ,words
concede                       ,words
pledge                        ,words
specifically                  ,words
spend                         ,words
swear                         ,words
tomorrow                      ,words
46th                          ,words
tradition                     ,words
soldier                       ,words
operation                     ,words
fence                         ,words
fortnight                     ,words
eve                           ,words
supple                        ,words
hugh                          ,words
convention                    ,words
instead                       ,words
award                         ,words
parade                        ,words
andrew                        ,words
bitter                        ,words
skip                          ,words
sea                           ,words
greet                         ,words
star                          ,words
stripe                        ,words
partly                        ,words
entire                        ,words
mall                          ,words
stretch                       ,words
mile                          ,words
transform                     ,words
fortress                      ,words
25000                         ,words
guardsman                     ,words
draft                         ,words
hell                          ,words
deepen                        ,words
edge                          ,words
public                        ,words
wall                          ,words
achievement                   ,words
audacious                     ,words
unexpected                    ,words
singapore                     ,words
korean                        ,words
counterpart                   ,words
kim                           ,words
jungeun                       ,words
defuse                        ,words
slow                          ,words
korea                         ,words
program                       ,words
upended                       ,words
outbreak                      ,words
economy                       ,words
coronavirus                   ,words
erratic                       ,words
handle                        ,words
occasionally                  ,words
disinfectant                  ,words
injection                     ,words
convulse                      ,words
amid                          ,words
opportunity                   ,words
present                       ,words
farewell                      ,words
pray                          ,words
success                       ,words
concession                    ,words
likely                        ,words
influential                   ,words
firm                          ,words
pile                          ,words
flurry                        ,words
override                      ,words
goal                          ,words
low                           ,words
political                     ,words
temperature                   ,words
fracture                      ,words
herculean                     ,words
final                         ,words
grim                          ,words
toll                          ,words
400000                        ,words
improve                       ,words
rollout                       ,words
vaccine                       ,words
wear                          ,words
mask                          ,words
brandt                        ,words
contain                       ,words
flash                         ,words
associate                     ,words
york                          ,words
selfconfidence                ,words
crisis                        ,words
frailty                       ,words
4000                          ,words
september                     ,words
11th                          ,words
bizarre                       ,words
frightening                   ,words
jelena                        ,words
father                        ,words
reality                       ,words
family                        ,words
damn                          ,words
pandemic                      ,words
confuse                       ,words
disconnect                    ,words
abandon                       ,words
plus                          ,words
insane                        ,words
aid                           ,words
relief                        ,words
yorker                        ,words
teacher                       ,words
educational                   ,words
cando                         ,words
spirit                        ,words
fascicle                      ,words
e                             ,words
miracle                       ,words
despondency                   ,words
month                         ,words
sleep                         ,words
food                          ,words
bank                          ,words
24                            ,words
enormous                      ,words
panacea                       ,words
sickly                        ,words
deep                          ,words
reveal                        ,words
ailment                       ,words
brat                          ,words
undoubtedly                   ,words
era                           ,words
true                          ,words
certain                       ,words
extent                        ,words
occupant                      ,words
problem                       ,words
inherit                       ,words
disappear                     ,words
74                            ,words
convince                      ,words
inaugural                     ,words
grave                         ,words
peril                         ,words
uphill                        ,words
struggle                      ,words
failure                       ,words
shocking                      ,words
unbelievable                  ,words
tie                           ,words
refer                         ,words
sweet                         ,words
hey                           ,words
digital                       ,words
sixth                         ,words
shameful                      ,words
embarrass                     ,words
rightwe                       ,words
oppose                        ,words
monument                      ,words
malice                        ,words
jail                          ,words
hangerson                     ,words
folk                          ,words
incarceration                 ,words
conduct                       ,words
deterrent                     ,words
minor                         ,words
imagine                       ,words
offense                       ,words
expect                        ,words
seriousness                   ,words
justifie                      ,words
decade                        ,words
prison                        ,words
hang                          ,words
hat                           ,words
stuff                         ,words
anymore                       ,words
introspective                 ,words
consider                      ,words
interested                    ,words
fresh                         ,words
usual                         ,words
declare                       ,words
prevail                       ,words
overcome                      ,words
search                        ,words
unity                         ,words
south                         ,words
asian                         ,words
descent                       ,words
secondhighest                 ,words
conspicuous                   ,words
absence                       ,words
fan                           ,words
form                          ,words
agenda                        ,words
relation                      ,words
normal                        ,words
lady                          ,words
west                          ,words
forest                        ,words
replace                       ,words
garden                        ,words
socially                      ,words
robinette                     ,words
jr                            ,words
solemnly                      ,words
execute                       ,words
post                          ,words
precious                      ,words
midst                         ,words
array                         ,words
racial                        ,words
unrest                        ,words
passion                       ,words
inflame                       ,words
insistence                    ,words
unite                         ,words
mention                       ,words
repudiation                   ,words
careful                       ,words
uncivil                       ,words
pit                           ,words
red                           ,words
rural                         ,words
versus                        ,words
urban                         ,words
harden                        ,words
78                            ,words
deputy                        ,words
blacken                       ,words
indian                        ,words
heritage                      ,words
example                       ,words
sparkle                       ,words
gold                          ,words
microphone                    ,words
rival                         ,words
snub                          ,words
slip                          ,words
incapable                     ,words
host                          ,words
film                          ,words
orchestrate                   ,words
sendoff                       ,words
21gun                         ,words
salute                        ,words
delight                       ,words
horror                        ,words
bye                           ,words
music                         ,words
spoton                        ,words
ex                            ,words
melania                       ,words
samba                         ,words
beach                         ,words
club                          ,words
sheikh                        ,words
comfortable                   ,words
transformation                ,words
husband                       ,words
hit                           ,words
executive                     ,words
reverse                       ,words
ehre                          ,words
crazy                         ,words
dullsville                    ,words
mobilize                      ,words
physical                      ,words
dramatic                      ,words
rise                          ,words
interest                      ,words
q                             ,words
child                         ,words
sacrifice                     ,words
movement                      ,words
grip                          ,words
okay                          ,words
qa                            ,words
nonbeliever                   ,words
jacob                         ,words
chance                        ,words
shaman                        ,words
plead                         ,words
monumental                    ,words
19                            ,words
diagnose                      ,words
mental                        ,words
health                        ,words
albert                        ,words
jacobs                        ,words
2006                          ,words
bad                           ,words
jake                          ,words
wrap                          ,words
cabal                         ,words
satan                         ,words
pedophile                     ,words
group                         ,words
ipsus                         ,words
exclusively                   ,words
seven                         ,words
percent                       ,words
nottoli                       ,words
2020                          ,words
app                           ,words
controversial                 ,words
opinion                       ,words
recently                      ,words
migrate                       ,words
popular                       ,words
telegram                      ,words
hostile                       ,words
friendly                      ,words
oblige                        ,words
keen                          ,words
understand                    ,words
gravity                       ,words
alliance                      ,words
baby                          ,words
willing                       ,words
dog                           ,words
groomer                       ,words
underdog                      ,words
thinker                       ,words
elite                         ,words
suppress                      ,words
deliberately                  ,words
lodge                         ,words
hard                          ,words
story                         ,words
save                          ,words
push                          ,words
oh                            ,words
battle                        ,words
un                            ,words
emit                          ,words
innocent                      ,words
que                           ,words
non                           ,words
believer                      ,words
actor                         ,words
belief                        ,words
hollywood                     ,words
movie                         ,words
neck                          ,words
glimpse                       ,words
selfproclaime                 ,words
length                        ,words
childhood                     ,words
paint                         ,words
kuna                          ,words
excitement                    ,words
sentence                      ,words
fire                          ,words
interview                     ,words
individual                    ,words
satanic                       ,words
sound                         ,words
queue                         ,words
wing                          ,words
grab                          ,words
yell                          ,words
pound                         ,words
tase                          ,words
skull                         ,words
occur                         ,words
idea                          ,words
relentlessly                  ,words
predict                       ,words
carry                         ,words
case                          ,words
lack                          ,words
ramification                  ,words
incitement                    ,words
juror                         ,words
practically                   ,words
morally                       ,words
conviction                    ,words
vast                          ,words
acquit                        ,words
connect                       ,words
700                           ,words
70                            ,words
refute                        ,words
criticism                     ,words
source                        ,words
scrutiny                      ,words
committee                     ,words
comprise                      ,words
hearing                       ,words
july                          ,words
fear                          ,words
critic                        ,words
liz                           ,words
cheney                        ,words
accountable                   ,words
responsibly                   ,words
cancer                        ,words
private                       ,words
subpoena                      ,words
key                           ,words
steve                         ,words
bannon                        ,words
podcast                       ,words
criminal                      ,words
administrator                 ,words
meadow                        ,words
page                          ,words
record                        ,words
cooperate                     ,words
material                      ,words
revelatory                    ,words
text                          ,words
fox                           ,words
laura                         ,words
ingraham                      ,words
destroy                       ,words
sean                          ,words
hannity                       ,words
48                            ,words
testimony                     ,words
respond                       ,words
unsurprisingly                ,words
release                       ,words
finish                        ,words
midterm                       ,words
predictable                   ,words
underpin                      ,words
poll                          ,words
twothird                      ,words
profound                      ,words
highprofile                   ,words
argue                         ,words
harm                          ,words
root                          ,words
undermine                     ,words
dominant                      ,words
soda                          ,words
manifest                      ,words
politics                      ,objects
audience                      ,objects
pedestrian                    ,objects
display device                ,objects
television program            ,objects
businessperson                ,objects
professional                  ,objects
literature                    ,objects
library                       ,objects
book                          ,objects
reading                       ,objects
hair                          ,objects
brown hair                    ,objects
public speaking               ,objects
eyebrow                       ,objects
news conference               ,objects
spokesperson                  ,objects
public relations              ,objects
orator                        ,objects
facial expression             ,objects
recreation room               ,objects
city council                  ,objects
lane                          ,objects
asphalt                       ,objects
public space                  ,objects
road                          ,objects
pedestrian crossing           ,objects
sports                        ,objects
tree                          ,objects
urban area                    ,objects
sport utility vehicle         ,objects
motor vehicle                 ,objects
president of the united states,objects
flag of the united states     ,objects
architecture                  ,objects
landmark                      ,objects
traffic                       ,objects
transport                     ,objects
traffic light                 ,objects
dashcam                       ,objects
infrastructure                ,objects
downtown                      ,objects
metropolis                    ,objects
metropolitan area             ,objects
intersection                  ,objects
cityscape                     ,objects
presentation                  ,objects
conversation                  ,objects
skyscraper                    ,objects
dome                          ,objects
tourist attraction            ,objects
spire                         ,objects
skyline                       ,objects
chin                          ,objects
forehead                      ,objects
facial hair                   ,objects
nose                          ,objects
column                        ,objects
sport venue                   ,objects
team sport                    ,objects
games                         ,objects
ball game                     ,objects
player                        ,objects
stadium                       ,objects
football player               ,objects
soccer                        ,objects
festival                      ,objects
circle                        ,objects
monochrome photography        ,objects
font                          ,objects
monochrome                    ,objects
3d modeling                   ,objects
graphic design                ,objects
black and white               ,objects
graphics                      ,objects
iron                          ,objects
temple                        ,objects
snow                          ,objects
winter                        ,objects
headgear                      ,objects
personal protective equipment ,objects
plaza                         ,objects
town square                   ,objects
auditorium                    ,objects
police officer                ,objects
newscaster                    ,objects
journalist                    ,objects
song                          ,objects
performing arts               ,objects
singing                       ,objects
performance                   ,objects
islam                         ,objects
mosque                        ,objects
street light                  ,objects
army                          ,objects
sculpture                     ,objects
statue                        ,objects
basilica                      ,objects
classical architecture        ,objects
byzantine architecture        ,objects
palace                        ,objects
army men                      ,objects
marching                      ,objects
military uniform              ,objects
military person               ,objects
infantry                      ,objects
militia                       ,objects
meeting                       ,objects
conference hall               ,objects
exhibition                    ,objects
auto show                     ,objects
racing                        ,objects
land vehicle                  ,objects
motorsport                    ,objects
race track                    ,objects
auto racing                   ,objects
mode of transport             ,objects
truck                         ,objects
neighbourhood                 ,objects
residential area              ,objects
parking lot                   ,objects
suburb                        ,objects
police commissioner           ,objects
military officer              ,objects
structure                     ,objects
net                           ,objects
shooting                      ,objects
interaction                   ,objects
bird's eye view               ,objects
aerial photography            ,objects
bust                          ,objects
coca cola                     ,objects
flooring                      ,objects
hall                          ,objects
wood flooring                 ,objects
hardwood                      ,objects
wood                          ,objects
smile                         ,objects
mouth                         ,objects
fun                           ,objects
fashion accessory             ,objects
selfie                        ,objects
worship                       ,objects
motivational speaker          ,objects
military police               ,objects
new media                     ,objects
web page                      ,objects
website                       ,objects
media                         ,objects
online advertising            ,objects
document                      ,objects
furniture                     ,objects
sitting                       ,objects
tourism                       ,objects
cap                           ,objects
eyewear                       ,objects
sunglasses                    ,objects
glasses                       ,objects
family car                    ,objects
bicycle racing                ,objects
cycling                       ,objects
road bicycle                  ,objects
bicycle                       ,objects
recreation                    ,objects
walking                       ,objects
running                       ,objects
marathon                      ,objects
endurance                     ,objects
long distance running         ,objects
physical exercise             ,objects
jogging                       ,objects
endurance sports              ,objects
advertising                   ,objects
personal computer             ,objects
computer keyboard             ,objects
laptop                        ,objects
electronics                   ,objects
desktop computer              ,objects
computer monitor              ,objects
computer hardware             ,objects
curtain                       ,objects
footwear                      ,objects
computer program              ,objects
united states of america      ,objects
historic site                 ,objects
netbook                       ,objects
peripheral                    ,objects
computer terminal             ,objects
typing                        ,objects
numeric keypad                ,objects
touchpad                      ,objects
personal computer hardware    ,objects
keyboard                      ,objects
electronic device             ,objects
computer component            ,objects
medicine                      ,objects
laboratory                    ,objects
clinic                        ,objects
research                      ,objects
aircraft                      ,objects
neon                          ,objects
lighting                      ,objects
light emitting diode          ,objects
neon sign                     ,objects
reflection                    ,objects
concert                       ,objects
learning                      ,objects
thumb                         ,objects
finger                        ,objects
santa claus                   ,objects
market                        ,objects
daytime                       ,objects
dusk                          ,objects
sky                           ,objects
tower block                   ,objects
haze                          ,objects
long hair                     ,objects
living room                   ,objects
t shirt                       ,objects
team                          ,objects
memorial                      ,objects
beard                         ,objects
collage                       ,objects
poster                        ,objects
photomontage                  ,objects
cheek                         ,objects
black hair                    ,objects
brass instrument              ,objects
tourist destination           ,objects
community                     ,objects
graduation                    ,objects
social group                  ,objects
singer                        ,objects
academic dress                ,objects
public transport              ,objects
train                         ,objects
bus                           ,objects
passenger                     ,objects
helicopter                    ,objects
helicopter rotor              ,objects
rotorcraft                    ,objects
automotive window part        ,objects
windshield                    ,objects
automotive exterior           ,objects
formal wear                   ,objects
suit                          ,objects
airport                       ,objects
air travel                    ,objects
airplane                      ,objects
wide body aircraft            ,objects
airliner                      ,objects
fashion                       ,objects
bird                          ,objects
animal                        ,objects
light fixture                 ,objects
facade                        ,objects
led display                   ,objects
signage                       ,objects
electronic signage            ,objects
signaling device              ,objects
sign                          ,objects
traffic sign                  ,objects
arch                          ,objects
banner                        ,objects
billboard                     ,objects
street sign                   ,objects
costume                       ,objects
driving                       ,objects
car seat                      ,objects
vegetation                    ,objects
cloud                         ,objects
woody plant                   ,objects
sunlight                      ,objects
nature                        ,objects
flora                         ,objects
plant                         ,objects
steering wheel                ,objects
rear view mirror              ,objects
glass                         ,objects
automotive mirror             ,objects
painting                      ,objects
album cover                   ,objects
highway                       ,objects
controlled access highway     ,objects
road trip                     ,objects
shoulder                      ,objects
sun                           ,objects
sunrise                       ,objects
multimedia software           ,objects
gadget                        ,objects
mobile device                 ,objects
smartphone                    ,objects
mobile phone                  ,objects
ios                           ,objects
iphone                        ,objects
multimedia                    ,objects
wrist                         ,objects
editing                       ,objects
turban                        ,objects
moonlight                     ,objects
full moon                     ,objects
moon                          ,objects
atmosphere of earth           ,objects
cardistry                     ,objects
card manipulation             ,objects
playing card                  ,objects
magic                         ,objects
takeoff                       ,objects
airline                       ,objects
aviation                      ,objects
jet aircraft                  ,objects
boeing                        ,objects
aerospace engineering         ,objects
flight                        ,objects
pet                           ,objects
seabird                       ,objects
gull                          ,objects
shorebird                     ,objects
beak                          ,objects
albatross                     ,objects
ocean                         ,objects
silhouette                    ,objects
horizon                       ,objects
fur                           ,objects
wave                          ,objects
coast                         ,objects
sand                          ,objects
tide                          ,objects
wind wave                     ,objects
body of water                 ,objects
led backlit lcd display       ,objects
television presenter          ,objects
wildlife                      ,objects
handrail                      ,objects
gate                          ,objects
obelisk                       ,objects
national anthem               ,objects
visual effects                ,objects
cheering                      ,objects
lyrics                        ,objects
